Periodo;AGRICULTURA, GANADERIA, CAZA Y SILVICULTURA;PESCA Y SERVICIOS CONEXOS;EXPLOTACION  DE  MINAS  Y  CANTERAS;INDUSTRIA MANUFACTURERA;ELECTRICIDAD, GAS Y AGUA;CONSTRUCCION;COMERCIO AL POR MAYOR Y AL POR MENOR;HOTELERIA Y RESTAURANTES ;SERVICIOS DE TRANSPORTE, DE ALMACENAMIENTO Y DE COMUNICACIONES;INTERMEDIACION FINANCIERA Y OTROS SERVICIOS FINANCIEROS ;SERVICIOS INMOBILIARIOS, EMPRESARIALES Y DE ALQUILER;ENSEÑANZA;SERVICIOS SOCIALES Y DE SALUD;SERVICIOS COMUNITARIOS, SOCIALES Y PERSONALES N.C.P.;;Suma de remuneraciones mensuales por grupo de actividad. Nominales. En pesos
ene-00;15.432;#¡VALOR!;56.894;32.250;#¡VALOR!;19.468;22.803;18.359;34.934;52.150;19.248;18.978;25.839;24.067;;
feb-00;15.446;#¡VALOR!;55.449;30.542;#¡VALOR!;19.510;22.118;18.387;34.453;51.668;18.675;18.730;24.785;23.486;;
mar-00;15.570;#¡VALOR!;59.872;32.518;#¡VALOR!;20.021;22.008;18.278;35.009;52.462;18.829;18.603;24.417;23.540;;
abr-00;15.143;#¡VALOR!;56.253;30.641;#¡VALOR!;19.320;22.055;18.118;33.463;49.678;18.722;18.728;24.214;23.271;;
may-00;15.481;#¡VALOR!;52.906;30.899;#¡VALOR!;19.678;21.935;18.388;33.393;49.116;18.714;18.751;24.418;23.564;;
jun-00;21.860;#¡VALOR!;78.950;45.279;#¡VALOR!;26.543;32.635;26.231;48.822;72.355;26.550;26.276;36.113;34.733;;
jul-00;15.197;#¡VALOR!;54.524;30.554;#¡VALOR!;18.560;21.725;18.177;33.450;48.115;18.632;18.803;24.926;23.450;;
ago-00;15.307;#¡VALOR!;52.301;30.718;#¡VALOR!;18.731;21.849;18.515;33.229;49.972;18.543;18.641;24.421;23.370;;
sept-00;15.136;#¡VALOR!;52.812;30.343;#¡VALOR!;18.197;21.933;18.089;33.932;50.521;18.579;18.698;24.378;23.724;;
oct-00;15.364;#¡VALOR!;53.695;30.891;#¡VALOR!;18.731;21.606;18.074;33.050;49.465;18.596;18.654;24.295;23.386;;
nov-00;15.141;#¡VALOR!;52.624;30.387;#¡VALOR!;18.484;21.567;17.986;33.054;50.237;18.594;18.823;24.291;23.287;;
dic-00;21.726;#¡VALOR!;83.655;47.481;#¡VALOR!;26.632;32.327;26.023;49.132;74.917;26.158;27.161;36.270;34.638;;
ene-01;15.681;#¡VALOR!;58.034;32.164;#¡VALOR!;18.822;22.726;18.286;34.587;53.249;18.975;19.383;26.773;24.285;;
feb-01;15.700;#¡VALOR!;56.485;30.562;#¡VALOR!;18.383;22.388;18.339;34.326;55.150;18.426;19.301;25.407;23.910;;
mar-01;15.585;#¡VALOR!;55.369;32.439;#¡VALOR!;19.292;22.035;18.197;34.303;55.508;18.508;18.982;24.637;23.499;;
abr-01;15.579;#¡VALOR!;52.406;30.337;#¡VALOR!;18.987;21.933;18.180;33.117;49.259;18.458;18.958;24.416;23.207;;
may-01;15.353;#¡VALOR!;60.594;30.668;#¡VALOR!;19.725;21.630;18.158;32.701;48.292;18.471;19.019;24.390;23.142;;
jun-01;22.001;#¡VALOR!;79.183;44.550;#¡VALOR!;26.370;31.964;25.885;47.164;73.470;25.976;26.475;36.107;34.193;;
jul-01;15.624;#¡VALOR!;53.664;30.601;#¡VALOR!;19.037;21.634;18.164;33.285;49.030;18.493;18.888;24.638;23.314;;
ago-01;15.642;#¡VALOR!;54.255;30.652;#¡VALOR!;19.490;21.806;18.514;32.382;51.811;18.546;18.766;25.009;23.222;;
sept-01;15.449;#¡VALOR!;52.900;30.200;#¡VALOR!;19.019;21.731;17.967;33.431;50.000;18.402;18.851;24.546;23.643;;
oct-01;15.643;#¡VALOR!;56.009;31.379;#¡VALOR!;20.497;21.785;18.147;33.014;51.710;17.412;18.967;24.725;23.296;;
nov-01;15.556;#¡VALOR!;54.622;31.032;#¡VALOR!;20.648;21.722;18.264;33.093;51.936;18.805;19.000;24.684;23.299;;
dic-01;22.172;#¡VALOR!;78.855;47.395;#¡VALOR!;29.280;32.507;26.186;47.734;79.409;26.491;26.945;36.385;34.576;;
ene-02;15.811;#¡VALOR!;#¡VALOR!;31.673;#¡VALOR!;21.186;22.137;18.341;33.951;54.556;19.067;19.256;25.482;23.856;;
feb-02;15.411;#¡VALOR!;#¡VALOR!;29.640;#¡VALOR!;20.549;21.012;17.731;33.039;56.393;18.036;18.561;23.836;22.814;;
mar-02;14.628;#¡VALOR!;#¡VALOR!;27.965;#¡VALOR!;20.007;20.126;16.836;30.752;47.892;17.599;17.374;22.561;21.834;;
abr-02;13.202;#¡VALOR!;#¡VALOR!;27.098;#¡VALOR!;18.413;18.106;15.539;27.766;42.742;15.938;15.701;20.207;19.638;;
may-02;12.682;#¡VALOR!;#¡VALOR!;25.481;#¡VALOR!;18.442;17.309;14.913;26.352;40.607;15.175;15.092;19.367;18.849;;
jun-02;17.454;#¡VALOR!;#¡VALOR!;35.380;#¡VALOR!;23.851;24.674;20.387;36.753;58.912;20.670;19.876;27.564;26.601;;
jul-02;12.271;#¡VALOR!;#¡VALOR!;25.290;#¡VALOR!;17.831;16.964;14.433;25.789;38.896;15.126;14.310;18.636;18.287;;
ago-02;12.614;#¡VALOR!;#¡VALOR!;24.777;#¡VALOR!;17.146;16.800;14.360;25.480;39.182;15.060;13.912;18.389;18.058;;
sept-02;12.485;#¡VALOR!;#¡VALOR!;24.142;#¡VALOR!;16.614;16.552;13.931;25.571;37.842;14.850;13.730;18.271;18.377;;
oct-02;12.719;#¡VALOR!;#¡VALOR!;25.616;#¡VALOR!;17.263;16.939;14.248;25.569;38.977;15.220;13.755;18.436;18.222;;
nov-02;12.692;#¡VALOR!;#¡VALOR!;25.344;#¡VALOR!;16.749;16.717;14.187;25.656;38.820;15.119;13.732;18.401;18.195;;
dic-02;17.853;#¡VALOR!;#¡VALOR!;37.912;#¡VALOR!;23.382;24.589;20.164;36.972;57.130;20.979;19.509;26.933;26.494;;
ene-03;13.476;#¡VALOR!;#¡VALOR!;26.876;#¡VALOR!;16.935;17.901;14.733;26.313;44.393;16.011;14.053;20.453;19.502;;
feb-03;13.917;#¡VALOR!;#¡VALOR!;25.162;#¡VALOR!;17.138;17.893;14.691;26.670;41.188;15.487;13.860;19.241;18.849;;
mar-03;13.638;#¡VALOR!;#¡VALOR!;26.881;#¡VALOR!;17.174;17.825;14.764;26.200;40.305;15.709;13.563;18.913;18.943;;
abr-03;13.568;#¡VALOR!;#¡VALOR!;25.879;#¡VALOR!;16.875;17.516;14.789;26.085;38.411;15.013;13.685;19.017;18.917;;
may-03;13.962;#¡VALOR!;#¡VALOR!;26.762;#¡VALOR!;17.628;18.100;15.406;26.727;38.821;16.368;13.886;19.665;19.804;;
jun-03;20.262;#¡VALOR!;#¡VALOR!;37.627;#¡VALOR!;22.965;25.397;20.896;37.348;57.298;22.236;19.140;28.071;27.817;;
jul-03;16.187;#¡VALOR!;#¡VALOR!;27.305;#¡VALOR!;17.604;18.588;15.601;26.812;39.283;17.128;13.929;21.039;20.426;;
ago-03;16.091;#¡VALOR!;#¡VALOR!;27.439;#¡VALOR!;17.446;18.840;16.056;27.447;40.288;17.263;13.844;20.612;20.830;;
sept-03;16.407;#¡VALOR!;#¡VALOR!;28.107;#¡VALOR!;17.793;19.368;16.151;28.475;40.305;17.348;14.002;21.398;21.587;;
oct-03;16.589;#¡VALOR!;#¡VALOR!;29.470;#¡VALOR!;18.826;19.603;16.773;30.237;39.379;18.194;13.925;21.662;21.707;;
nov-03;16.425;#¡VALOR!;#¡VALOR!;29.329;#¡VALOR!;18.765;19.777;16.922;29.125;39.474;18.455;14.108;22.124;21.779;;
dic-03;23.529;#¡VALOR!;#¡VALOR!;45.756;#¡VALOR!;26.854;29.535;24.270;41.114;60.857;26.034;20.204;32.604;32.145;;
ene-04;17.307;#¡VALOR!;60.262;31.905;#¡VALOR!;20.693;22.024;18.552;31.600;49.764;20.820;14.913;25.672;24.074;;
feb-04;17.412;#¡VALOR!;59.075;31.042;#¡VALOR!;20.772;22.345;19.236;32.533;50.768;20.097;14.937;24.686;23.955;;
mar-04;17.895;#¡VALOR!;65.630;33.630;#¡VALOR!;22.237;22.158;19.022;33.492;48.539;20.541;14.469;24.014;24.005;;
abr-04;17.338;#¡VALOR!;55.621;31.579;#¡VALOR!;21.380;21.738;19.163;31.918;43.804;20.475;14.503;24.188;23.452;;
may-04;17.179;#¡VALOR!;58.563;31.228;#¡VALOR!;21.043;21.293;18.980;31.195;43.083;20.445;14.368;23.575;23.253;;
jun-04;24.412;#¡VALOR!;79.803;44.603;#¡VALOR!;28.194;30.852;26.137;44.544;63.939;27.128;20.154;34.265;33.236;;
jul-04;17.232;#¡VALOR!;54.635;30.923;#¡VALOR!;20.365;21.116;18.509;31.112;42.407;19.719;14.713;24.084;23.101;;
ago-04;17.258;#¡VALOR!;54.898;31.049;#¡VALOR!;20.216;21.133;18.567;30.924;42.984;19.488;14.985;23.390;23.083;;
sept-04;17.277;#¡VALOR!;54.262;31.237;#¡VALOR!;20.119;21.161;18.197;31.617;42.149;19.560;15.103;23.260;23.351;;
oct-04;17.093;#¡VALOR!;57.575;31.033;#¡VALOR!;20.596;21.058;18.489;31.371;42.825;19.600;15.023;23.227;23.134;;
nov-04;17.222;#¡VALOR!;55.437;31.475;#¡VALOR!;20.433;21.051;18.406;31.013;42.435;19.472;15.386;23.229;22.536;;
dic-04;24.664;#¡VALOR!;85.552;47.984;#¡VALOR!;28.823;30.504;26.305;46.387;64.637;27.341;22.091;34.181;33.070;;
ene-05;17.756;#¡VALOR!;#¡VALOR!;34.242;#¡VALOR!;21.326;23.123;19.567;34.092;50.598;21.036;15.911;26.759;24.409;;
feb-05;17.441;#¡VALOR!;#¡VALOR!;31.359;#¡VALOR!;20.631;22.421;19.389;33.401;47.157;20.254;15.963;24.282;23.822;;
mar-05;17.391;#¡VALOR!;#¡VALOR!;33.578;#¡VALOR!;22.014;22.143;19.479;33.901;44.130;20.420;15.586;23.588;23.469;;
abr-05;17.329;#¡VALOR!;#¡VALOR!;32.988;#¡VALOR!;24.238;22.467;20.385;34.066;42.122;20.808;16.132;24.136;23.709;;
may-05;17.274;#¡VALOR!;#¡VALOR!;32.789;#¡VALOR!;24.234;22.218;20.467;34.567;42.861;21.042;16.249;24.023;23.532;;
jun-05;23.897;#¡VALOR!;#¡VALOR!;47.430;#¡VALOR!;30.718;31.410;27.766;48.711;68.170;28.057;22.417;35.389;33.843;;
jul-05;17.507;#¡VALOR!;#¡VALOR!;33.474;#¡VALOR!;23.359;23.695;20.042;34.871;45.017;21.435;16.349;25.027;24.312;;
ago-05;17.737;#¡VALOR!;#¡VALOR!;34.042;#¡VALOR!;23.811;24.909;20.414;35.300;45.617;21.821;16.768;24.498;24.694;;
sept-05;17.351;#¡VALOR!;#¡VALOR!;34.302;#¡VALOR!;23.751;25.131;19.460;35.756;45.839;22.384;17.167;24.542;25.259;;
oct-05;19.074;#¡VALOR!;#¡VALOR!;35.439;#¡VALOR!;23.757;25.179;20.686;36.517;44.933;21.560;17.647;25.464;25.770;;
nov-05;18.554;#¡VALOR!;#¡VALOR!;36.084;#¡VALOR!;24.808;25.019;20.969;36.918;45.968;23.327;17.558;26.357;25.873;;
dic-05;25.639;#¡VALOR!;#¡VALOR!;54.579;#¡VALOR!;33.377;36.702;29.420;53.091;68.943;31.965;25.387;38.213;38.081;;
ene-06;18.366;#¡VALOR!;71.523;37.616;#¡VALOR!;25.205;25.731;22.687;38.747;54.925;24.032;17.924;29.636;26.951;;
feb-06;18.343;#¡VALOR!;71.880;34.323;#¡VALOR!;24.190;25.138;22.110;37.995;52.915;22.745;17.905;27.542;26.038;;
mar-06;18.363;#¡VALOR!;75.987;37.119;#¡VALOR!;25.316;24.908;21.978;38.838;50.042;22.950;18.323;27.227;26.424;;
abr-06;17.918;#¡VALOR!;65.633;35.213;#¡VALOR!;24.795;24.865;22.210;39.389;48.559;23.052;18.380;27.856;26.592;;
may-06;19.247;#¡VALOR!;72.208;36.452;#¡VALOR!;26.993;25.669;22.520;39.551;47.132;24.141;18.559;28.444;27.225;;
jun-06;27.514;#¡VALOR!;98.308;53.354;#¡VALOR!;36.242;36.708;31.820;56.565;69.950;33.051;26.353;41.946;39.030;;
jul-06;20.000;#¡VALOR!;66.156;38.150;#¡VALOR!;26.897;25.554;22.038;40.060;48.519;24.210;18.547;29.162;27.804;;
ago-06;20.085;#¡VALOR!;66.311;38.751;#¡VALOR!;27.456;26.325;22.587;40.549;48.658;24.915;18.550;29.261;28.237;;
sept-06;19.856;#¡VALOR!;68.559;38.266;#¡VALOR!;27.670;26.645;22.409;41.111;48.549;24.773;18.777;29.454;28.807;;
oct-06;20.039;#¡VALOR!;68.159;38.521;#¡VALOR!;28.230;26.333;22.722;40.923;47.935;24.991;18.859;29.079;28.856;;
nov-06;20.089;#¡VALOR!;70.040;38.685;#¡VALOR!;28.274;26.536;22.376;40.733;48.340;24.619;19.008;29.185;28.756;;
dic-06;28.490;#¡VALOR!;103.296;58.583;#¡VALOR!;38.196;39.035;31.304;59.143;72.107;34.869;27.184;42.942;42.045;;
ene-07;20.511;#¡VALOR!;75.197;40.597;#¡VALOR!;28.779;27.828;22.634;41.949;59.914;25.769;19.239;33.139;30.068;;
feb-07;20.164;#¡VALOR!;69.891;37.195;#¡VALOR!;27.670;27.206;22.938;41.370;58.160;24.653;18.924;31.711;29.145;;
mar-07;20.265;#¡VALOR!;84.797;40.353;#¡VALOR!;29.193;27.211;22.763;42.370;52.813;24.958;19.743;32.469;29.166;;
abr-07;19.993;#¡VALOR!;68.933;38.344;#¡VALOR!;28.246;26.929;23.038;41.779;53.427;25.209;20.639;31.127;28.872;;
may-07;19.918;#¡VALOR!;71.878;38.828;#¡VALOR!;30.656;26.505;22.684;41.740;49.486;24.733;20.584;30.728;28.830;;
jun-07;27.739;#¡VALOR!;96.077;56.147;#¡VALOR!;39.949;38.846;31.215;59.380;70.458;34.185;28.562;44.429;41.927;;
jul-07;19.659;#¡VALOR!;66.972;38.786;#¡VALOR!;29.909;26.997;22.040;41.691;48.099;25.227;20.153;30.357;29.145;;
ago-07;19.126;#¡VALOR!;73.409;38.728;#¡VALOR!;29.995;26.159;23.561;41.632;48.989;25.226;19.734;30.215;28.683;;
sept-07;18.792;#¡VALOR!;69.821;36.946;#¡VALOR!;28.112;26.437;22.570;41.088;48.909;24.364;19.830;29.050;28.455;;
oct-07;20.722;#¡VALOR!;67.627;37.730;#¡VALOR!;30.494;26.010;22.251;40.564;46.980;24.734;19.648;28.715;28.615;;
nov-07;19.927;#¡VALOR!;68.471;37.550;#¡VALOR!;30.339;26.473;21.758;40.315;47.265;23.794;19.955;28.827;28.686;;
dic-07;29.384;#¡VALOR!;107.917;58.075;#¡VALOR!;41.883;38.848;30.065;58.105;72.142;34.931;28.061;44.550;41.872;;
ene-08;21.299;#¡VALOR!;77.684;39.974;#¡VALOR!;30.774;27.902;21.972;42.261;58.506;25.975;20.504;34.191;30.146;;
feb-08;20.754;#¡VALOR!;71.042;36.722;#¡VALOR!;30.038;27.905;21.162;41.425;55.688;24.913;20.013;31.865;29.249;;
mar-08;20.301;#¡VALOR!;81.719;37.422;#¡VALOR!;29.338;26.750;20.880;40.940;49.651;24.221;21.474;30.957;28.707;;
abr-08;20.191;#¡VALOR!;69.793;37.179;#¡VALOR!;31.436;27.281;21.109;40.347;57.728;24.963;22.066;30.252;28.905;;
may-08;19.936;#¡VALOR!;70.733;38.431;#¡VALOR!;32.566;27.221;22.652;40.584;50.778;25.394;21.731;30.096;29.065;;
jun-08;27.971;#¡VALOR!;102.959;54.927;#¡VALOR!;41.497;38.465;32.573;56.847;73.376;34.458;30.095;43.313;41.772;;
jul-08;20.225;#¡VALOR!;74.672;39.435;#¡VALOR!;32.160;27.608;23.832;42.036;49.659;26.717;21.500;30.917;29.745;;
ago-08;21.652;#¡VALOR!;73.873;39.345;#¡VALOR!;30.768;27.672;24.566;41.578;50.539;25.983;21.456;30.738;30.141;;
sept-08;22.390;#¡VALOR!;74.701;39.652;#¡VALOR!;31.527;28.434;23.916;42.710;50.419;26.347;21.784;31.638;30.615;;
oct-08;21.731;#¡VALOR!;73.225;40.229;#¡VALOR!;32.017;28.052;24.113;42.758;50.732;26.304;22.191;32.364;30.677;;
nov-08;21.284;#¡VALOR!;76.551;39.841;#¡VALOR!;31.481;27.808;24.056;42.761;50.221;25.876;21.969;31.590;30.483;;
dic-08;30.729;#¡VALOR!;111.153;62.111;#¡VALOR!;44.824;40.961;34.046;62.362;80.875;36.762;31.024;48.274;44.974;;
ene-09;22.058;#¡VALOR!;77.194;41.695;78.535;31.337;28.933;24.410;44.156;62.896;26.848;22.460;36.179;32.090;;
feb-09;22.257;#¡VALOR!;78.626;38.393;68.319;30.409;28.581;24.328;43.730;58.810;25.823;21.954;33.643;31.272;;
mar-09;21.756;#¡VALOR!;84.532;39.849;71.464;31.103;27.905;23.776;44.497;55.553;25.688;22.102;32.695;30.126;;
abr-09;21.699;#¡VALOR!;72.911;39.785;65.989;31.233;28.734;23.463;43.982;54.774;26.191;22.865;33.709;31.081;;
may-09;21.662;#¡VALOR!;74.831;39.352;65.264;31.239;29.586;23.349;43.721;56.234;26.383;22.625;32.613;31.302;;
jun-09;31.227;#¡VALOR!;102.764;58.655;94.492;44.514;42.458;33.973;63.077;96.942;36.689;31.598;48.688;45.287;;
jul-09;21.795;#¡VALOR!;77.801;41.631;64.551;32.743;29.254;24.698;44.761;56.144;26.201;22.382;32.743;31.754;;
ago-09;21.442;#¡VALOR!;74.831;41.330;66.022;31.585;29.036;24.915;44.960;58.010;27.302;22.077;33.172;31.696;;
sept-09;21.010;#¡VALOR!;81.344;42.081;69.491;32.357;29.145;24.157;45.473;56.465;27.477;22.057;34.132;31.777;;
oct-09;20.761;#¡VALOR!;77.933;43.033;65.106;33.007;28.647;24.225;45.246;56.422;26.818;21.764;34.095;31.418;;
nov-09;20.532;#¡VALOR!;75.921;42.107;65.151;32.069;28.250;23.630;44.817;57.400;26.601;21.598;33.341;31.044;;
dic-09;32.367;#¡VALOR!;118.037;64.811;98.077;45.620;41.051;33.365;64.903;82.795;37.138;30.666;49.929;45.287;;
ene-10;22.796;#¡VALOR!;81.018;43.987;81.900;31.306;29.637;24.567;46.228;65.366;27.734;21.842;37.248;32.819;;
feb-10;22.218;#¡VALOR!;86.414;40.727;70.247;29.894;28.927;23.396;44.913;60.652;26.681;21.089;34.161;31.521;;
mar-10;21.965;#¡VALOR!;86.147;42.606;73.025;32.605;28.277;23.012;45.111;68.361;26.343;21.443;32.777;30.834;;
abr-10;21.562;#¡VALOR!;79.245;41.724;68.414;31.658;27.947;23.503;44.727;62.682;26.505;22.138;32.738;31.146;;
may-10;21.695;#¡VALOR!;82.491;43.102;69.938;33.335;27.619;23.956;44.860;56.834;27.183;21.777;32.276;31.136;;
jun-10;31.130;#¡VALOR!;109.523;62.837;99.671;44.813;44.843;33.848;63.270;85.946;38.413;30.637;47.173;45.748;;
jul-10;22.030;#¡VALOR!;76.300;44.849;68.982;32.129;30.250;25.716;46.586;56.570;28.637;22.113;33.852;32.358;;
ago-10;21.769;#¡VALOR!;78.820;44.574;69.020;33.197;30.037;25.818;46.536;57.375;28.403;21.992;33.523;32.596;;
sept-10;24.073;#¡VALOR!;81.184;44.468;73.262;33.235;30.988;24.893;48.126;57.561;28.550;22.195;35.610;33.114;;
oct-10;23.611;#¡VALOR!;78.793;44.289;68.729;32.353;30.804;24.848;47.237;63.504;28.597;21.775;34.828;32.519;;
nov-10;23.399;#¡VALOR!;79.639;44.452;68.527;32.615;30.417;24.510;47.605;55.913;28.183;21.475;33.936;32.407;;
dic-10;32.942;#¡VALOR!;117.595;67.374;101.738;46.869;45.271;33.454;66.926;86.292;38.785;30.566;51.523;47.629;;
ene-11;23.095;#¡VALOR!;92.191;46.857;89.983;33.409;32.289;24.720;48.755;63.298;29.366;21.790;38.682;33.910;;
feb-11;23.061;#¡VALOR!;87.644;42.310;80.952;31.998;31.571;24.462;47.276;59.010;28.390;21.598;35.565;33.185;;
mar-11;23.104;#¡VALOR!;94.209;45.774;78.435;33.870;31.729;24.811;48.566;64.555;28.739;23.724;35.327;33.245;;
abr-11;22.524;#¡VALOR!;83.859;43.608;72.120;31.855;30.665;24.247;47.706;60.175;28.358;24.098;34.659;33.332;;
may-11;22.843;#¡VALOR!;98.842;45.715;76.865;40.858;30.716;25.079;50.059;63.819;29.253;23.621;34.230;33.830;;
jun-11;32.455;#¡VALOR!;118.764;66.063;106.491;46.769;48.317;35.161;69.133;97.418;40.319;32.777;51.309;48.832;;
jul-11;23.226;#¡VALOR!;82.938;46.486;74.659;35.550;33.570;25.712;50.458;59.790;31.113;23.975;33.988;34.358;;
ago-11;22.857;#¡VALOR!;89.256;47.428;74.788;34.864;32.903;26.692;50.285;60.405;29.445;23.623;36.508;35.084;;
sept-11;23.170;#¡VALOR!;83.614;46.638;78.023;36.632;34.183;25.828;49.644;61.517;30.959;23.807;37.315;34.938;;
oct-11;22.849;#¡VALOR!;89.244;47.546;76.779;36.693;34.279;26.371;49.794;60.894;30.363;23.634;36.661;34.996;;
nov-11;27.137;#¡VALOR!;87.708;47.782;75.302;36.442;34.269;26.503;50.410;62.257;31.178;23.680;36.291;35.424;;
dic-11;35.493;#¡VALOR!;123.146;72.930;111.083;49.476;51.603;35.869;71.906;89.754;42.829;33.057;56.103;52.186;;
ene-12;25.064;#¡VALOR!;95.396;49.765;91.030;36.340;35.717;26.357;50.863;67.688;32.023;23.614;42.370;36.809;;
feb-12;25.196;#¡VALOR!;93.488;46.650;87.489;36.637;35.593;26.451;50.055;65.221;31.428;22.991;39.019;35.641;;
mar-12;24.893;#¡VALOR!;95.300;48.263;82.420;36.744;34.382;25.720;51.001;65.928;30.690;24.674;37.740;35.521;;
abr-12;24.311;#¡VALOR!;84.151;45.819;79.181;35.910;34.703;26.422;50.803;62.998;30.657;25.445;39.364;35.712;;
may-12;24.517;#¡VALOR!;88.047;47.269;82.814;36.242;36.534;26.994;50.818;74.350;31.299;24.928;36.844;36.492;;
jun-12;35.005;#¡VALOR!;121.068;69.180;112.657;50.571;53.031;39.238;71.220;95.223;44.015;33.895;53.579;51.792;;
jul-12;24.553;#¡VALOR!;83.356;49.880;78.661;43.323;36.632;27.726;52.414;64.267;32.637;25.233;38.269;36.785;;
ago-12;24.087;#¡VALOR!;84.622;49.690;76.962;39.131;35.916;28.003;51.649;64.686;32.201;24.789;38.237;36.651;;
sept-12;24.095;#¡VALOR!;87.317;48.649;82.347;37.593;36.011;27.089;51.104;61.901;32.149;24.363;38.719;36.738;;
oct-12;24.140;#¡VALOR!;90.814;50.837;78.911;38.516;35.630;27.834;51.437;63.708;32.569;24.325;38.383;36.628;;
nov-12;26.039;#¡VALOR!;90.945;50.014;77.292;38.575;37.115;27.676;52.476;64.908;32.973;24.041;38.038;36.824;;
dic-12;36.505;#¡VALOR!;130.808;76.486;113.334;52.883;54.576;37.918;73.825;92.740;44.981;33.692;57.966;54.080;;
ene-13;25.997;#¡VALOR!;97.678;51.790;93.181;36.387;37.700;27.658;53.216;69.385;33.041;23.876;43.434;38.123;;
feb-13;25.626;#¡VALOR!;99.105;47.579;87.267;35.328;37.152;27.607;50.933;69.892;32.301;23.161;39.262;37.059;;
mar-13;25.277;#¡VALOR!;97.669;49.465;95.530;36.754;35.743;27.121;51.797;71.759;31.853;24.806;38.066;37.025;;
abr-13;25.385;#¡VALOR!;88.154;48.405;81.296;37.419;35.556;27.475;51.989;61.889;32.021;25.475;38.998;37.829;;
may-13;25.279;#¡VALOR!;95.021;48.882;84.248;37.817;38.014;28.171;52.922;76.724;33.169;25.293;37.340;37.759;;
jun-13;36.051;#¡VALOR!;125.945;70.284;116.603;51.961;54.320;39.623;73.870;99.478;45.244;34.739;54.584;53.691;;
jul-13;24.976;#¡VALOR!;90.648;51.703;83.113;39.739;37.256;28.690;55.291;63.927;33.234;24.970;37.712;38.037;;
ago-13;24.165;#¡VALOR!;85.052;49.249;78.192;37.745;36.436;28.249;53.204;64.461;31.404;24.776;38.332;37.460;;
sept-13;24.307;#¡VALOR!;86.794;49.232;85.460;36.324;36.034;27.709;52.700;64.022;32.214;24.804;38.776;37.427;;
oct-13;24.424;#¡VALOR!;86.943;49.832;78.703;36.200;35.392;27.785;51.580;62.788;31.304;24.504;38.168;36.872;;
nov-13;25.270;#¡VALOR!;87.058;49.448;76.793;35.542;36.235;27.153;51.789;68.949;31.293;24.010;37.716;36.699;;
dic-13;34.792;#¡VALOR!;126.870;74.566;113.295;48.872;52.154;36.590;71.757;89.891;43.759;33.467;57.058;52.837;;
ene-14;24.639;#¡VALOR!;91.918;48.685;#¡VALOR!;33.378;35.619;25.220;50.664;69.065;31.119;23.168;41.216;35.976;;
feb-14;23.580;#¡VALOR!;84.322;43.458;#¡VALOR!;30.590;34.436;23.781;48.368;63.913;29.803;22.295;36.202;34.812;;
mar-14;23.268;#¡VALOR!;98.786;45.112;#¡VALOR!;31.630;33.603;24.003;49.511;64.524;29.730;23.289;35.307;34.338;;
abr-14;22.961;#¡VALOR!;78.109;44.567;#¡VALOR!;33.029;35.906;23.452;48.167;79.230;30.786;24.547;35.115;35.266;;
may-14;22.734;#¡VALOR!;87.142;44.714;#¡VALOR!;34.295;35.673;23.709;47.517;63.064;30.577;24.374;34.442;34.780;;
jun-14;32.063;#¡VALOR!;118.735;64.290;#¡VALOR!;44.759;50.945;32.927;66.198;90.968;41.599;33.009;51.041;49.323;;
jul-14;22.627;#¡VALOR!;85.998;46.393;#¡VALOR!;34.039;37.124;24.686;51.622;60.758;31.832;24.017;37.213;35.942;;
ago-14;22.152;#¡VALOR!;84.843;46.302;#¡VALOR!;33.630;34.147;25.399;50.316;59.763;30.643;23.987;36.486;35.025;;
sept-14;21.512;#¡VALOR!;85.713;45.638;#¡VALOR!;32.918;35.349;24.200;50.110;60.632;30.673;23.638;35.963;34.891;;
oct-14;22.783;#¡VALOR!;87.354;46.471;#¡VALOR!;33.109;35.230;24.076;49.920;63.714;31.012;23.474;37.909;34.682;;
nov-14;23.931;#¡VALOR!;83.057;46.328;#¡VALOR!;31.693;36.867;24.853;49.822;67.354;31.670;23.276;37.892;35.150;;
dic-14;34.130;#¡VALOR!;133.836;72.785;#¡VALOR!;46.344;51.206;34.323;70.584;87.939;43.522;32.836;55.802;51.068;;
ene-15;24.039;#¡VALOR!;103.452;48.979;#¡VALOR!;31.436;35.573;25.105;51.260;75.911;31.845;23.537;41.222;37.124;;
feb-15;24.075;#¡VALOR!;96.926;45.879;#¡VALOR!;30.431;34.973;24.868;50.300;66.736;31.040;23.509;38.108;36.086;;
mar-15;23.729;#¡VALOR!;101.561;47.202;#¡VALOR!;31.008;34.113;24.515;51.118;68.159;30.516;25.496;37.097;35.615;;
abr-15;23.806;#¡VALOR!;88.823;46.159;#¡VALOR!;30.664;33.646;24.328;49.830;59.576;30.256;26.246;36.768;35.848;;
may-15;23.973;#¡VALOR!;91.310;45.697;#¡VALOR!;32.390;37.655;24.974;49.049;59.812;31.603;25.902;36.621;36.804;;
jun-15;34.093;#¡VALOR!;126.310;68.827;#¡VALOR!;47.220;53.262;36.349;69.211;126.680;44.415;35.763;53.146;52.456;;
jul-15;24.064;#¡VALOR!;89.402;48.466;#¡VALOR!;32.626;37.928;26.568;54.513;66.684;32.849;26.034;39.283;37.740;;
ago-15;23.096;#¡VALOR!;88.949;48.386;#¡VALOR!;32.968;35.503;26.645;53.534;65.135;30.296;26.078;39.908;37.496;;
sept-15;23.456;#¡VALOR!;87.217;48.766;#¡VALOR!;33.197;37.057;26.416;53.529;65.470;32.024;25.859;39.198;37.424;;
oct-15;23.671;#¡VALOR!;88.474;48.860;#¡VALOR!;32.913;35.144;26.189;52.547;67.345;29.814;25.695;38.670;37.205;;
nov-15;25.462;#¡VALOR!;84.333;48.615;#¡VALOR!;32.615;35.977;26.039;52.754;76.043;30.005;25.348;40.250;37.233;;
dic-15;34.841;#¡VALOR!;128.677;73.900;#¡VALOR!;44.936;51.872;35.683;72.770;93.537;43.508;35.181;57.824;53.507;;
ene-16;23.956;#¡VALOR!;93.473;47.207;97.286;30.106;34.849;24.338;51.393;75.738;30.640;24.477;41.244;37.166;;
feb-16;23.523;#¡VALOR!;85.934;45.200;83.122;29.121;33.907;23.559;50.396;68.922;29.837;23.393;37.685;35.682;;
mar-16;22.912;#¡VALOR!;91.043;45.727;84.776;28.950;33.328;23.574;49.390;61.797;29.422;26.141;36.459;35.270;;
abr-16;22.475;#¡VALOR!;75.441;43.532;79.203;30.077;34.927;22.608;46.916;69.482;29.330;25.050;35.457;34.809;;
may-16;22.131;#¡VALOR!;76.290;42.689;75.373;30.381;34.178;22.167;45.411;76.331;28.990;24.081;34.438;33.967;;
jun-16;30.738;#¡VALOR!;108.982;62.027;105.932;40.803;48.193;32.998;63.163;91.670;40.032;32.651;51.552;48.361;;
jul-16;21.890;#¡VALOR!;84.861;44.027;73.355;29.589;33.063;24.138;47.100;60.011;29.232;24.089;38.686;34.780;;
ago-16;23.824;#¡VALOR!;80.489;45.225;73.565;30.692;32.944;24.221;48.359;61.232;28.983;24.129;37.141;34.597;;
sept-16;23.494;#¡VALOR!;79.706;44.407;82.505;29.440;32.688;23.181;48.699;62.428;28.551;24.083;37.071;35.092;;
oct-16;24.362;#¡VALOR!;80.741;44.909;81.326;30.798;33.864;23.316;47.870;65.904;29.410;23.805;37.266;35.593;;
nov-16;24.005;#¡VALOR!;78.794;45.542;75.891;30.720;33.946;22.811;49.161;74.440;29.405;23.632;38.634;35.176;;
dic-16;35.509;#¡VALOR!;123.925;71.178;114.326;43.468;50.228;32.410;72.178;98.232;41.659;33.686;59.622;52.479;;
ene-17;24.586;#¡VALOR!;88.778;47.700;98.111;30.980;35.620;23.437;52.901;75.292;30.818;24.057;43.544;39.001;;
feb-17;23.801;#¡VALOR!;84.890;44.076;85.392;29.684;34.583;23.441;50.037;79.588;29.829;23.293;38.707;36.988;;
mar-17;23.534;#¡VALOR!;90.659;45.760;90.883;30.950;34.221;23.326;50.035;69.440;29.412;23.906;37.717;36.548;;
abr-17;23.428;#¡VALOR!;75.517;43.826;81.081;29.549;35.016;23.775;48.752;65.218;29.670;24.770;37.448;36.882;;
may-17;23.737;#¡VALOR!;76.677;45.199;79.340;32.892;34.742;23.809;48.160;66.892;29.462;24.630;36.810;36.875;;
jun-17;33.495;#¡VALOR!;117.768;66.777;118.791;44.186;50.782;34.743;68.543;93.789;41.628;34.079;54.203;53.179;;
jul-17;23.532;#¡VALOR!;80.097;47.398;80.241;33.046;36.335;24.817;49.437;63.920;31.114;25.065;40.572;37.401;;
ago-17;23.343;#¡VALOR!;78.026;46.131;77.321;33.529;35.960;24.476;50.405;64.659;30.864;24.484;39.103;37.322;;
sept-17;22.962;#¡VALOR!;77.952;45.491;83.179;31.947;35.605;23.634;48.887;63.137;30.164;24.683;39.029;37.181;;
oct-17;27.968;#¡VALOR!;80.498;47.284;84.226;32.535;35.328;23.519;48.511;68.623;30.618;24.389;40.018;37.294;;
nov-17;24.796;#¡VALOR!;79.079;46.848;79.329;32.708;35.201;23.485;49.438;76.228;30.379;24.179;39.815;37.141;;
dic-17;35.560;#¡VALOR!;117.837;70.552;116.232;44.699;50.919;33.070;69.042;92.054;42.196;33.725;57.362;53.368;;
ene-18;24.417;#¡VALOR!;90.687;47.353;92.887;31.436;35.568;24.125;51.521;84.538;30.586;24.000;43.821;38.268;;
feb-18;23.628;#¡VALOR!;83.469;43.721;85.189;30.414;34.790;23.851;48.785;66.183;29.828;23.259;39.570;36.723;;
mar-18;23.639;#¡VALOR!;88.706;45.029;92.042;31.945;34.037;23.614;50.682;65.639;29.540;23.443;38.400;35.817;;
abr-18;23.348;#¡VALOR!;78.189;43.678;81.701;32.492;35.113;23.203;49.406;63.841;29.927;23.797;37.908;36.208;;
may-18;22.962;#¡VALOR!;83.158;44.411;79.320;34.135;34.456;23.634;48.433;69.537;29.886;23.219;37.178;36.243;;
jun-18;32.004;#¡VALOR!;110.881;62.790;109.822;43.861;49.252;33.148;65.461;88.047;40.375;31.453;53.234;50.474;;
jul-18;22.283;#¡VALOR!;76.455;43.421;78.508;31.078;33.222;23.736;46.902;62.107;28.847;22.606;37.702;34.556;;
ago-18;21.578;#¡VALOR!;73.078;42.620;73.739;32.152;32.719;23.216;46.535;59.820;28.826;21.916;37.624;34.298;;
sept-18;23.525;#¡VALOR!;71.966;40.131;72.815;29.581;31.089;21.652;43.653;59.949;27.047;21.165;35.921;32.729;;
oct-18;21.975;#¡VALOR!;71.302;40.684;71.320;30.230;31.545;20.948;41.934;60.681;26.719;20.924;35.255;32.495;;
nov-18;21.716;#¡VALOR!;73.834;40.474;69.810;30.172;32.218;21.811;43.585;75.503;27.560;20.958;36.341;33.050;;
dic-18;30.794;#¡VALOR!;106.450;61.818;102.426;42.584;45.431;29.329;61.175;86.185;38.016;29.919;51.669;47.082;;
ene-19;22.248;#¡VALOR!;87.433;42.336;82.984;30.554;33.322;21.286;46.629;69.784;28.626;21.405;38.285;34.660;;
feb-19;21.167;#¡VALOR!;83.486;38.317;76.200;28.592;31.607;19.576;43.325;67.263;27.204;21.078;34.166;32.800;;
mar-19;22.889;#¡VALOR!;82.400;39.621;82.527;29.393;31.652;19.678;44.940;60.385;27.343;21.258;33.837;32.593;;
abr-19;21.872;#¡VALOR!;73.348;39.611;76.369;28.696;30.627;19.678;42.689;57.283;26.932;21.781;33.857;32.280;;
may-19;21.484;#¡VALOR!;79.582;39.729;72.066;31.709;30.777;20.464;41.987;69.143;26.872;21.110;33.257;33.812;;
jun-19;30.207;#¡VALOR!;106.966;57.018;103.775;42.081;44.431;30.049;58.389;85.132;37.452;30.057;47.956;47.427;;
jul-19;21.333;#¡VALOR!;79.360;40.728;71.980;30.403;30.973;20.998;44.704;61.197;27.307;21.854;35.132;33.379;;
ago-19;22.706;#¡VALOR!;74.854;40.041;70.212;31.425;30.134;20.856;43.905;59.942;26.795;21.119;34.520;32.857;;
sept-19;22.150;#¡VALOR!;72.576;38.728;72.107;29.477;29.872;19.287;41.905;56.611;26.136;20.534;33.729;31.747;;
oct-19;22.635;#¡VALOR!;74.478;40.682;72.599;30.796;30.056;20.715;43.105;70.263;26.996;20.878;34.353;32.434;;
nov-19;21.622;#¡VALOR!;72.741;38.520;68.509;31.126;29.444;19.996;41.509;71.792;26.198;20.317;33.824;31.714;;
dic-19;29.945;#¡VALOR!;106.060;58.190;100.617;42.789;41.924;27.276;57.132;85.044;36.437;28.477;48.426;45.223;;
ene-20;21.200;#¡VALOR!;92.358;40.917;84.137;32.193;31.389;20.336;45.462;67.589;27.797;20.834;36.167;33.955;;
feb-20;22.877;#¡VALOR!;87.762;39.386;80.197;32.708;31.529;20.726;45.354;68.183;27.354;20.597;34.701;33.911;;
mar-20;22.990;#¡VALOR!;82.085;39.156;78.060;31.074;31.140;19.749;43.458;63.501;26.894;20.853;33.959;32.757;;
abr-20;23.368;#¡VALOR!;66.736;36.269;71.066;26.625;29.346;16.624;39.248;59.134;26.204;20.923;33.821;30.534;;
may-20;23.561;#¡VALOR!;62.232;35.900;69.750;27.864;29.138;16.583;38.553;58.419;25.720;20.671;33.689;30.454;;
jun-20;33.439;#¡VALOR!;92.373;53.572;99.327;39.793;43.613;24.313;54.437;82.964;36.965;28.722;49.237;43.479;;
jul-20;23.579;#¡VALOR!;66.104;37.982;68.413;27.607;29.504;17.040;38.134;66.390;25.812;20.635;33.146;30.436;;
ago-20;22.701;#¡VALOR!;64.104;37.149;65.935;26.425;28.934;16.741;38.326;62.738;25.343;20.192;34.261;30.511;;
sept-20;23.402;#¡VALOR!;67.530;38.018;71.754;27.004;28.416;16.494;37.901;57.975;25.275;20.137;34.085;29.966;;
oct-20;24.474;#¡VALOR!;68.937;38.384;67.503;27.019;30.529;17.362;38.926;65.850;26.374;20.008;33.720;30.644;;
nov-20;23.631;#¡VALOR!;71.245;38.216;65.843;29.719;29.823;17.853;38.862;70.845;26.195;19.615;32.518;30.443;;
dic-20;33.532;#¡VALOR!;98.367;57.779;97.101;40.393;42.763;24.546;54.230;85.725;36.090;27.999;46.723;43.098;;
ene-21;23.416;#¡VALOR!;87.184;38.927;78.625;27.951;29.976;18.799;41.830;63.042;26.940;19.295;33.952;31.496;;
feb-21;23.090;#¡VALOR!;77.010;36.865;74.176;27.313;30.640;18.856;40.736;71.240;26.545;18.994;31.667;31.138;;
mar-21;22.031;#¡VALOR!;76.812;38.322;77.702;28.462;30.025;18.816;39.553;63.283;26.195;20.062;30.902;31.001;;
abr-21;21.404;#¡VALOR!;68.374;37.432;73.396;28.672;29.818;18.614;39.229;59.874;26.391;19.894;32.679;30.730;;
may-21;21.232;#¡VALOR!;67.737;37.036;65.953;28.279;29.900;18.781;38.091;59.082;26.034;19.724;31.832;30.390;;
jun-21;29.820;#¡VALOR!;98.629;53.783;96.804;38.657;42.803;26.327;53.120;81.964;36.094;26.795;45.716;42.999;;
jul-21;21.060;#¡VALOR!;69.966;38.907;67.002;27.932;29.596;18.887;41.013;57.660;26.379;19.895;34.264;30.943;;
ago-21;23.298;#¡VALOR!;68.105;38.447;65.460;27.816;30.017;19.334;41.713;59.160;26.782;19.790;32.965;31.803;;
sept-21;23.164;#¡VALOR!;69.590;37.766;69.965;27.960;29.433;18.814;41.250;57.591;26.337;19.871;35.743;31.330;;
oct-21;24.059;#¡VALOR!;68.407;38.820;70.019;28.536;29.458;19.368;39.928;66.199;26.763;19.979;34.649;31.510;;
nov-21;23.777;#¡VALOR!;68.329;38.236;68.637;28.783;29.878;19.322;42.568;71.546;26.843;20.077;35.743;31.843;;
dic-21;33.538;#¡VALOR!;107.309;58.769;100.994;40.311;42.058;26.320;59.541;84.012;37.149;28.151;51.276;45.649;;
ene-22;24.494;#¡VALOR!;78.934;39.157;85.059;27.448;30.748;19.934;42.775;65.528;27.934;20.073;35.522;32.837;;
feb-22;22.053;#¡VALOR!;81.173;37.329;76.967;27.298;30.374;19.479;41.666;70.843;26.964;19.415;34.378;31.240;;
mar-22;22.332;#¡VALOR!;86.155;38.736;80.305;29.331;30.319;19.895;41.864;64.892;27.232;20.645;33.683;31.965;;
abr-22;21.405;#¡VALOR!;75.183;37.701;73.494;27.497;30.097;19.283;41.048;56.327;27.237;20.430;32.352;31.994;;
may-22;21.025;#¡VALOR!;72.977;37.833;67.710;29.048;30.121;19.570;43.137;71.957;27.613;19.847;33.305;31.537;;
jun-22;29.697;#¡VALOR!;104.244;53.552;99.191;40.878;42.571;26.052;57.533;83.674;37.475;27.594;49.735;44.765;;
jul-22;21.819;#¡VALOR!;70.965;37.608;67.228;27.081;28.621;19.104;39.830;59.210;26.695;19.607;32.445;30.662;;
ago-22;23.020;#¡VALOR!;69.605;36.995;65.531;27.395;29.243;20.087;39.394;58.360;26.660;19.273;34.100;31.058;;
sept-22;22.262;#¡VALOR!;72.124;37.122;69.736;27.763;29.219;19.569;40.234;56.151;26.682;19.687;33.697;30.901;;
oct-22;22.439;#¡VALOR!;69.639;36.712;68.759;28.164;28.454;18.764;39.148;67.417;26.308;19.776;32.568;30.148;;
nov-22;21.880;#¡VALOR!;71.270;36.890;69.724;29.713;28.563;18.853;42.281;71.636;26.944;20.064;35.085;31.160;;
dic-22;34.761;#¡VALOR!;111.840;59.685;103.479;43.186;41.626;28.669;60.499;84.143;38.434;29.092;52.435;46.595;;
ene-23;22.307;#¡VALOR!;79.940;39.294;86.983;29.644;27.991;19.948;43.205;60.898;28.350;20.572;34.993;32.094;;
feb-23;21.598;#¡VALOR!;87.391;36.958;76.198;28.953;28.772;19.252;43.687;61.244;27.934;20.048;33.291;31.693;;
mar-23;21.822;#¡VALOR!;91.498;38.630;81.245;30.145;28.849;19.657;43.737;64.178;27.921;21.240;32.103;31.444;;
abr-23;20.900;#¡VALOR!;73.141;36.987;71.874;29.372;29.882;19.526;42.272;63.158;28.297;20.906;32.756;31.939;;
may-23;20.531;#¡VALOR!;71.905;36.685;69.362;30.254;29.332;21.575;42.063;60.737;27.827;20.966;32.340;32.040;;
jun-23;29.221;#¡VALOR!;104.402;54.517;99.663;41.074;41.872;30.921;58.673;88.677;38.080;28.927;47.811;45.253;;
jul-23;20.759;#¡VALOR!;79.950;38.641;69.751;30.332;29.641;23.055;42.465;60.596;28.102;21.531;34.111;32.573;;
ago-23;24.281;#¡VALOR!;73.345;38.470;66.963;30.816;29.863;22.537;41.780;57.940;28.010;20.639;32.085;31.921;;
sept-23;22.898;#¡VALOR!;73.097;37.064;67.703;29.280;28.656;20.423;41.660;60.721;27.693;20.819;32.423;30.808;;
oct-23;22.308;#¡VALOR!;72.003;37.560;70.356;29.402;29.420;20.592;41.512;67.546;27.886;20.349;31.910;30.466;;
nov-23;21.797;#¡VALOR!;69.199;36.345;65.757;29.255;28.936;18.913;41.596;73.449;27.378;19.310;32.434;29.853;;
dic-23;27.873;#¡VALOR!;92.864;49.529;88.037;35.664;37.120;23.610;49.775;79.227;33.717;23.177;42.650;37.780;;
ene-24;18.811;#¡VALOR!;80.587;34.342;71.513;25.259;27.679;16.227;34.742;67.225;26.594;15.367;27.065;26.601;;
feb-24;19.245;#¡VALOR!;82.534;34.183;68.870;23.608;28.287;15.853;35.399;67.259;26.582;15.502;28.114;26.728;;
mar-24;20.148;#¡VALOR!;79.677;33.835;67.739;25.040;26.799;15.832;37.379;59.068;24.769;15.732;28.144;26.245;;
abr-24;20.672;#¡VALOR!;75.416;36.575;69.670;25.106;27.442;17.387;39.787;58.455;27.562;16.226;27.166;28.284;;
may-24;20.971;#¡VALOR!;72.377;35.344;65.021;27.902;27.059;20.507;38.127;62.207;26.976;17.409;27.772;28.845;;
jun-24;31.307;#¡VALOR!;105.700;51.826;97.355;38.389;39.951;30.768;53.130;83.410;37.691;23.819;42.748;42.434;;
jul-24;22.541;#¡VALOR!;74.886;38.061;66.715;27.071;28.039;21.890;39.410;60.211;28.107;18.163;30.073;29.952;;
ago-24;22.186;#¡VALOR!;73.751;37.373;65.527;27.160;27.706;22.281;39.609;60.619;28.074;18.278;29.817;30.357;;
sept-24;22.230;#¡VALOR!;72.975;36.997;69.441;27.253;27.679;22.526;39.425;59.202;27.747;19.015;30.749;30.796;;
oct-24;22.841;#¡VALOR!;74.166;38.009;69.710;28.382;28.735;24.131;40.299;68.585;28.902;19.250;31.281;31.465;;
nov-24;22.465;#¡VALOR!;73.521;37.541;69.517;29.630;28.581;23.862;40.719;75.578;29.343;19.367;31.310;31.829;;
dic-24;32.536;#¡VALOR!;110.115;57.907;103.689;41.720;42.402;34.345;57.702;87.782;41.488;27.796;46.536;46.614;;
ene-25;23.275;#¡VALOR!;86.231;39.892;90.328;29.693;30.108;24.178;43.624;65.992;31.094;19.752;32.280;33.355;;
feb-25;22.789;#¡VALOR!;93.457;37.876;81.138;28.416;29.234;24.019;42.396;72.360;30.296;20.104;31.379;32.779;;
mar-25;22.985;#¡VALOR!;82.385;38.972;82.664;29.174;29.464;24.543;43.058;64.322;30.021;20.312;31.274;32.868;;
abr-25;23.372;#¡VALOR!;87.558;38.318;75.902;28.858;29.177;24.041;42.490;62.228;29.777;20.496;31.064;32.166;;
may-25;23.107;#¡VALOR!;71.686;37.732;71.464;28.795;28.885;23.326;40.414;62.299;28.811;20.728;30.498;31.832;;
jun-25;33.350;#¡VALOR!;109.294;55.105;108.327;40.924;42.763;34.208;57.400;88.243;41.198;29.078;46.261;47.171;;
