Cuadro 4;;;;;;;;;;;;;;;;;;;;;;;;;;;;;;;;;;;;;;;;;;;;;;;;;;;;;;;;;;;;;;;;;;;;;;;;;;;;;;;;;;;;;;;;;;;;;;;;;;;;;;;;;;;;;;;;;;;;;;;;;;;;;;;;
Producto interno bruto, por categoría de tabulación. Valores trimestrales en millones de pesos a precios de 2004 ;;;;;;;;;;;;;;;;;;;;;;;;;;;;;;;;;;;;;;;;;;;;;;;;;;;;;;;;;;;;;;;;;;;;;;;;;;;;;;;;;;;;;;;;;;;;;;;;;;;;;;;;;;;;;;;;;;;;;;;;;;;;;;;;
;;;;;;;;;;;;;;;;;;;;;;;;;;;;;;;;;;;;;;;;;;;;;;;;;;;;;;;;;;;;;;;;;;;;;;;;;;;;;;;;;;;;;;;;;;;;;;;;;;;;;;;;;;;;;;;;;;;;;;;;;;;;;;;;
;2004;;;;;;2005;;;;;;2006;;;;;;2007;;;;;;2008;;;;;;2009;;;;;;2010;;;;;;2011;;;;;;2012;;;;;;2013;;;;;;2014;;;;;;2015;;;;;;2016;;;;;;2017;;;;;;2018;;;;;;2019;;;;;;2020;;;;;;2021;;;;;;2022;;;;;;2023 (1);;;;;;2024 (2);;;;;;2025 (2);
;1º trimestre;2º trimestre;3º trimestre;4º trimestre;Total;;1º trimestre;2º trimestre;3º trimestre;4º trimestre;Total;;1º trimestre;2º trimestre;3º trimestre;4º trimestre;Total;;1º trimestre;2º trimestre;3º trimestre;4º trimestre;Total;;1º trimestre;2º trimestre;3º trimestre;4º trimestre;Total;;1º trimestre;2º trimestre;3º trimestre;4º trimestre;Total;;1º trimestre;2º trimestre;3º trimestre;4º trimestre;Total;;1º trimestre;2º trimestre;3º trimestre;4º trimestre;Total;;1º trimestre;2º trimestre;3º trimestre;4º trimestre;Total;;1º trimestre;2º trimestre;3º trimestre;4º trimestre;Total;;1º trimestre;2º trimestre;3º trimestre;4º trimestre;Total;;1º trimestre;2º trimestre;3º trimestre;4º trimestre;Total;;1º trimestre;2º trimestre;3º trimestre;4º trimestre;Total;;1º trimestre;2º trimestre;3º trimestre;4º trimestre;Total;;1º trimestre;2º trimestre;3º trimestre;4º trimestre;Total;;1º trimestre;2º trimestre;3º trimestre;4º trimestre;Total;;1º trimestre;2º trimestre;3º trimestre;4º trimestre;Total;;1º trimestre;2º trimestre;3º trimestre;4º trimestre;Total;;1º trimestre;2º trimestre;3º trimestre;4º trimestre;Total;;1º trimestre;2º trimestre;3º trimestre;4º trimestre;Total;;1º trimestre;2º trimestre;3º trimestre;4º trimestre;Total;;1º trimestre;2º trimestre
;;;;;;;;;;;;;;;;;;;;;;;;;;;;;;;;;;;;;;;;;;;;;;;;;;;;;;;;;;;;;;;;;;;;;;;;;;;;;;;;;;;;;;;;;;;;;;;;;;;;;;;;;;;;;;;;;;;;;;;;;;;;;;;;
Producto Interno Bruto;460.369;514.396;481.152;484.544;485.115;;493.603;581.668;514.698;522.255;528.056;;532.348;614.076;562.979;572.794;570.549;;576.847;674.621;610.426;625.877;621.943;;616.720;711.406;647.088;613.491;647.176;;578.553;631.198;610.520;615.221;608.873;;611.607;733.731;668.567;668.190;670.524;;662.326;766.333;711.417;703.050;710.782;;672.686;730.838;703.462;706.958;703.486;;677.086;776.487;721.459;706.597;720.407;;671.066;760.577;690.880;686.701;702.306;;672.750;791.236;718.281;703.682;721.487;;677.652;760.703;694.382;693.174;706.478;;681.445;778.402;721.120;724.593;726.390;;707.324;747.428;696.102;678.656;707.377;;665.849;751.784;683.901;671.361;693.224;;632.389;609.380;614.192;642.403;624.591;;652.832;723.517;686.756;696.135;689.810;;697.625;782.339;732.662;712.740;731.342;;703.988;737.942;728.639;700.510;717.769;;669.058;729.948;714.524;718.991;708.130;;708.114;775.965
;;;;;;;;;;;;;;;;;;;;;;;;;;;;;;;;;;;;;;;;;;;;;;;;;;;;;;;;;;;;;;;;;;;;;;;;;;;;;;;;;;;;;;;;;;;;;;;;;;;;;;;;;;;;;;;;;;;;;;;;;;;;;;;;
Impuesto a los productos netos de subsidios (a los ingresos brutos, específicos, a los débitos y créditos bancarios, a las exportaciones);37.835;40.371;37.675;37.961;38.460;;38.787;43.771;39.051;39.244;40.213;;41.549;44.801;41.557;43.931;42.960;;44.801;49.610;47.648;49.357;47.854;;49.334;51.876;50.979;47.242;49.858;;47.121;48.938;44.257;45.807;46.531;;46.614;55.932;51.998;49.368;50.978;;50.752;57.083;54.807;53.745;54.097;;53.554;56.002;55.028;54.965;54.887;;53.612;60.207;56.769;53.654;56.061;;52.592;56.753;53.111;53.107;53.891;;51.680;59.579;56.474;55.788;55.880;;55.199;57.361;54.955;55.378;55.723;;55.077;58.254;57.931;58.429;57.423;;57.488;57.294;54.373;55.775;56.233;;54.132;57.136;56.218;56.967;56.113;;51.535;48.939;48.737;50.013;49.806;;50.972;52.742;54.842;54.049;53.151;;57.873;63.142;60.933;60.047;60.499;;55.676;59.136;57.813;55.147;56.943;;54.389;59.444;59.396;61.049;58.569;;59.729;62.930
IVA;29.037;31.112;33.430;30.329;30.977;;31.849;35.437;34.237;33.000;33.631;;35.345;38.988;38.781;41.268;38.596;;41.747;44.690;46.001;48.707;45.286;;47.542;49.242;49.329;46.831;48.236;;44.188;45.145;48.094;45.640;45.767;;45.836;50.142;51.756;51.082;49.704;;52.176;54.298;56.809;55.681;54.741;;53.464;53.004;56.935;59.166;55.642;;57.182;57.403;61.071;57.827;58.371;;56.996;54.840;54.057;51.746;54.410;;56.364;55.577;56.582;53.207;55.433;;56.487;52.927;53.353;51.598;53.591;;56.751;54.574;55.704;54.238;55.317;;59.478;54.103;53.495;49.761;54.209;;54.424;51.618;51.315;48.685;51.511;;51.078;41.643;47.869;48.164;47.188;;54.713;51.641;53.159;51.836;52.837;;56.391;56.403;60.233;57.009;57.509;;57.743;55.148;59.744;55.646;57.070;;53.182;52.650;57.850;57.205;55.222;;57.211;57.234
Impuesto a los productos importados (derechos de importación);2.711;3.170;3.468;3.653;3.250;;3.326;3.926;4.133;4.250;3.909;;3.930;4.420;4.768;4.902;4.505;;4.684;5.094;5.972;6.204;5.488;;5.861;6.436;6.795;5.959;6.263;;4.245;4.383;5.352;5.587;4.892;;5.455;6.348;7.633;7.941;6.844;;7.225;8.053;9.357;9.059;8.424;;7.276;6.937;8.536;8.732;7.871;;7.401;7.920;8.602;7.998;7.980;;6.938;6.886;7.255;6.474;6.889;;6.412;7.007;8.044;7.472;7.234;;7.060;7.762;7.822;7.517;7.540;;7.431;8.393;9.682;9.947;8.863;;9.055;9.028;8.634;6.895;8.403;;6.205;6.586;7.206;6.228;6.556;;5.402;4.994;6.115;7.107;5.905;;6.848;7.200;7.973;8.245;7.567;;8.308;8.808;8.979;7.977;8.518;;7.467;8.227;9.175;7.631;8.125;;6.073;6.134;7.696;8.595;7.124;;9.218;9.074
;;;;;;;;;;;;;;;;;;;;;;;;;;;;;;;;;;;;;;;;;;;;;;;;;;;;;;;;;;;;;;;;;;;;;;;;;;;;;;;;;;;;;;;;;;;;;;;;;;;;;;;;;;;;;;;;;;;;;;;;;;;;;;;;
Valor agregado bruto a precios básicos;390.787;439.743;406.579;412.601;412.427;;419.641;498.534;437.277;445.761;450.303;;451.524;525.867;477.872;482.693;484.489;;485.615;575.227;510.805;521.609;523.314;;513.983;603.851;539.985;513.459;542.819;;483.000;532.732;512.817;518.187;511.684;;513.703;621.308;557.180;559.799;562.998;;552.173;646.899;590.445;584.565;593.520;;558.391;614.896;582.963;584.095;585.086;;558.890;650.956;595.017;587.118;597.996;;554.540;642.098;576.457;575.375;587.117;;558.293;669.072;597.180;587.215;602.940;;558.905;642.653;578.253;578.680;589.623;;562.186;657.180;597.803;601.979;604.787;;581.304;627.003;579.600;566.224;588.533;;551.087;636.444;569.162;559.481;579.043;;524.375;513.804;511.472;537.119;521.692;;540.299;611.933;570.781;582.004;576.254;;575.054;653.986;602.518;587.707;604.816;;583.102;615.431;601.905;582.086;595.631;;555.415;611.720;589.582;592.143;587.215;;581.955;646.727
A - Agricultura, ganadería, caza y silvicultura ;31.507;65.745;28.754;30.495;39.125;;35.665;91.464;28.908;31.396;46.858;;34.290;85.997;31.559;31.376;45.805;;35.833;100.599;31.867;32.158;50.114;;35.233;98.311;32.468;29.489;48.875;;29.781;58.364;28.307;27.523;35.994;;33.045;106.261;30.899;33.050;50.814;;36.790;96.797;31.511;32.714;49.453;;34.319;74.014;32.050;31.021;42.851;;36.096;91.073;31.769;31.335;47.568;;34.578;98.121;32.109;31.533;49.085;;36.008;110.971;32.471;32.137;52.897;;35.390;100.989;32.063;32.755;50.299;;37.133;103.050;32.540;34.435;51.789;;37.536;70.024;32.038;35.308;43.726;;40.559;103.765;35.952;35.519;53.949;;38.095;92.057;34.777;35.545;50.119;;39.981;89.026;35.008;38.809;50.706;;43.316;86.797;33.572;30.237;48.480;;35.784;47.909;31.334;31.923;36.738;;39.290;86.136;35.478;33.460;48.591;;41.033;90.242
B - Pesca;1.342;2.141;1.177;1.110;1.442;;1.305;2.052;828;1.141;1.332;;2.094;3.182;2.012;1.237;2.131;;1.782;3.314;1.655;909;1.915;;1.203;3.569;2.095;1.200;2.017;;1.049;2.205;1.890;1.314;1.615;;897;2.031;2.539;1.168;1.659;;1.142;2.068;2.321;1.449;1.745;;1.289;1.703;2.458;1.572;1.756;;1.285;2.511;2.878;1.956;2.157;;1.412;2.595;2.637;2.094;2.184;;1.314;2.407;2.972;2.264;2.239;;1.413;2.027;3.331;2.173;2.236;;1.858;2.437;3.775;2.155;2.556;;2.123;2.113;4.086;2.458;2.695;;2.268;2.049;3.396;1.977;2.423;;1.761;1.784;2.830;1.694;2.017;;2.039;2.298;3.748;1.522;2.402;;1.928;2.799;3.753;1.354;2.459;;2.013;2.000;3.829;1.373;2.304;;2.113;2.781;3.616;1.398;2.477;;2.358;1.609
C - Explotación de minas y canteras;24.027;24.441;24.618;24.200;24.322;;23.998;24.559;24.723;23.705;24.246;;24.711;25.903;26.258;25.352;25.556;;24.422;25.329;25.130;24.844;24.931;;24.611;23.479;25.207;25.297;24.648;;25.105;24.845;24.097;24.792;24.710;;25.046;25.543;25.721;24.084;25.099;;23.908;22.164;24.169;24.301;23.636;;23.137;23.351;23.806;23.107;23.350;;21.981;22.434;22.692;22.514;22.405;;22.356;22.767;22.905;22.991;22.755;;22.766;23.429;23.467;22.858;23.130;;21.932;22.002;22.136;21.381;21.863;;20.796;20.556;21.349;21.656;21.089;;21.042;21.498;21.329;21.204;21.268;;20.900;21.770;21.997;21.618;21.571;;21.060;17.824;19.191;19.215;19.323;;19.416;21.075;21.835;22.269;21.149;;22.161;24.015;24.333;24.497;23.752;;24.573;25.822;26.191;26.352;25.735;;26.604;27.537;28.005;28.451;27.649;;28.357;29.384
D - Industria manufacturera;86.448;91.700;93.729;95.588;91.866;;91.736;99.507;100.148;103.351;98.686;;99.844;107.921;110.312;112.587;107.666;;106.110;115.423;117.190;124.388;115.777;;113.476;123.448;126.050;116.906;119.970;;99.732;110.281;115.428;119.600;111.260;;109.908;123.637;128.981;131.060;123.396;;121.433;136.013;138.228;135.754;132.857;;120.673;128.098;132.305;134.868;128.986;;118.001;133.403;136.117;136.182;130.926;;116.202;126.339;126.678;128.015;124.309;;113.313;128.678;130.450;128.601;125.261;;109.845;118.643;121.052;123.438;118.245;;107.280;121.931;126.997;128.945;121.288;;111.169;119.606;117.542;113.525;115.461;;99.095;110.734;112.260;111.319;108.352;;92.781;87.130;106.645;113.496;100.013;;103.882;115.892;120.122;123.243;115.785;;108.521;124.292;127.476;124.745;121.259;;111.764;122.337;123.801;117.256;118.789;;96.315;101.840;116.377;118.744;108.319;;101.295;108.819
E - Electricidad, gas y agua;8.603;8.743;8.907;8.557;8.702;;9.171;9.210;9.586;8.971;9.235;;9.418;9.674;10.076;9.931;9.775;;9.911;10.161;10.090;9.939;10.025;;10.595;10.491;10.736;10.221;10.511;;10.482;10.654;10.671;10.016;10.456;;10.564;10.448;10.929;10.610;10.638;;11.119;10.904;11.294;11.252;11.142;;11.913;11.428;11.769;11.539;11.662;;11.468;11.469;12.087;11.849;11.718;;11.830;11.910;12.016;12.039;11.949;;12.699;12.210;12.689;12.312;12.477;;12.801;12.698;12.771;12.133;12.601;;12.832;12.410;12.583;12.070;12.474;;12.882;12.669;12.691;11.715;12.489;;12.148;11.763;12.372;12.145;12.107;;12.718;11.488;12.688;12.233;12.282;;12.312;12.742;13.393;12.287;12.684;;12.952;13.380;12.882;12.880;13.024;;13.793;12.511;13.203;12.226;12.933;;13.483;12.884;13.274;12.106;12.937;;13.634;12.740
F - Construcción;14.801;14.555;15.290;14.972;14.905;;16.324;16.486;16.917;17.326;16.763;;18.594;18.270;19.208;19.278;18.838;;20.745;20.195;21.437;21.083;20.865;;22.349;22.101;22.443;20.071;21.741;;18.881;18.157;19.838;19.387;19.066;;20.235;20.775;21.801;20.908;20.930;;22.643;22.632;23.914;22.523;22.928;;22.924;22.210;22.503;21.841;22.369;;22.373;22.508;22.871;21.632;22.346;;22.387;22.011;22.047;21.135;21.895;;22.178;22.906;23.443;21.688;22.554;;20.929;19.318;20.384;19.485;20.029;;21.354;21.208;22.706;22.186;21.863;;23.189;22.334;22.614;20.297;22.108;;21.793;21.309;22.131;19.462;21.174;;17.531;10.644;17.340;20.225;16.435;;21.857;19.795;21.959;21.229;21.210;;22.529;22.196;23.501;21.648;22.469;;23.300;22.341;23.621;21.429;22.673;;18.679;17.184;20.091;18.844;18.700;;19.765;19.005
G - Comercio mayorista, minorista y reparaciones;58.565;60.894;60.103;60.576;60.035;;63.579;68.153;66.664;66.758;66.289;;70.205;73.878;74.125;74.659;73.217;;77.312;81.609;82.878;85.216;81.754;;84.125;90.605;88.740;80.845;86.079;;75.107;78.251;81.212;81.948;79.130;;80.935;88.743;92.700;94.258;89.159;;91.678;100.329;102.946;99.782;98.684;;91.796;94.063;98.494;99.430;95.946;;93.061;101.333;101.142;97.822;98.339;;88.486;92.097;93.038;92.797;91.605;;89.157;96.389;98.180;95.674;94.850;;88.618;92.557;92.734;93.147;91.764;;88.070;95.477;96.555;99.046;94.787;;93.929;94.737;88.878;86.402;90.986;;81.877;85.900;84.020;84.281;84.020;;77.231;71.662;82.537;86.933;79.591;;85.311;91.267;91.711;93.153;90.360;;89.365;99.903;98.829;95.030;95.782;;92.630;101.424;98.416;91.378;95.962;;83.959;85.677;92.769;93.946;89.088;;89.952;94.533
H - Hoteles y restaurantes;7.235;6.353;6.873;7.283;6.936;;7.906;6.995;8.003;8.200;7.776;;8.948;8.035;8.777;9.027;8.697;;10.067;8.913;9.522;9.974;9.619;;10.492;9.079;9.638;9.459;9.667;;9.708;9.000;9.056;9.874;9.409;;10.450;9.633;10.399;10.716;10.299;;10.962;10.327;10.931;11.065;10.821;;11.220;10.434;11.086;11.141;10.970;;11.150;10.537;11.213;10.987;10.972;;10.882;10.094;11.031;11.362;10.842;;11.170;10.114;11.154;11.531;10.992;;11.328;10.354;11.311;11.815;11.202;;11.412;10.713;11.732;12.229;11.522;;11.866;10.683;11.423;11.920;11.473;;11.533;10.685;11.657;12.048;11.481;;10.385;2.899;4.486;5.631;5.850;;7.304;6.542;7.829;8.316;7.498;;10.698;9.534;9.465;10.477;10.044;;11.405;9.628;10.248;11.242;10.631;;11.229;9.361;11.063;13.110;11.191;;12.232;10.948
I - Transporte, almacenamiento y comunicaciones;28.143;30.479;29.586;30.952;29.790;;31.821;35.557;34.399;35.194;34.243;;36.005;39.413;38.825;39.900;38.536;;40.713;44.966;43.519;44.515;43.428;;44.565;47.592;46.157;44.846;45.790;;43.713;46.792;45.278;46.158;45.485;;46.553;52.135;49.866;49.565;49.530;;50.160;54.474;52.450;51.727;52.203;;51.067;54.150;52.760;52.083;52.515;;51.127;56.360;54.346;53.185;53.754;;51.836;56.763;54.176;53.896;54.168;;53.160;58.020;56.745;55.318;55.811;;56.318;59.161;57.794;57.562;57.709;;57.709;61.030;59.061;58.231;59.008;;57.936;58.480;56.663;55.476;57.139;;55.339;59.152;56.943;55.516;56.737;;52.067;46.188;44.954;45.235;47.111;;47.593;51.616;50.625;51.827;50.415;;52.451;57.199;54.466;53.522;54.410;;52.907;55.277;54.519;53.279;53.995;;52.717;56.139;54.368;54.437;54.415;;54.071;56.915
J - Intermediación financiera;15.013;14.558;15.130;15.616;15.079;;15.751;16.429;16.752;17.319;16.563;;17.855;18.173;18.908;20.035;18.743;;20.836;21.180;21.467;21.936;21.355;;22.346;22.673;22.754;22.967;22.685;;22.528;22.730;22.704;22.633;22.649;;22.308;23.018;22.530;23.193;22.762;;23.894;24.717;25.507;25.880;25.000;;25.987;26.204;27.159;27.995;26.836;;27.087;27.561;27.921;27.817;27.596;;27.550;26.720;26.714;26.370;26.839;;26.412;26.840;27.506;27.960;27.180;;26.612;25.738;26.066;26.862;26.320;;27.398;26.723;27.766;28.671;27.639;;28.934;29.070;29.257;27.411;28.668;;26.253;25.106;24.968;24.998;25.331;;24.488;24.528;25.382;26.027;25.106;;25.368;24.684;24.996;25.937;25.246;;25.768;25.262;25.045;25.003;25.270;;25.069;24.208;24.786;24.106;24.542;;21.777;21.733;24.172;25.912;23.399;;27.572;27.541
K - Actividades inmobiliarias, empresariales y de alquiler;50.450;52.928;54.047;54.912;53.084;;52.631;56.091;56.920;58.768;56.103;;56.565;59.643;60.567;62.560;59.834;;59.808;62.929;64.308;65.715;63.190;;63.838;67.409;67.627;67.774;66.662;;62.778;64.676;65.115;66.687;64.814;;65.362;67.775;68.800;70.851;68.197;;66.976;71.403;72.232;74.315;71.232;;68.917;71.084;70.685;72.549;70.809;;68.511;71.718;71.788;73.295;71.328;;68.255;71.382;71.610;72.610;70.964;;69.141;72.773;73.376;73.703;72.248;;69.764;72.520;72.612;73.759;72.164;;71.148;74.182;75.233;76.786;74.337;;74.017;76.969;74.985;75.284;75.314;;72.654;75.353;75.136;75.314;74.614;;71.304;65.015;70.905;74.253;70.369;;74.153;76.226;77.021;79.066;76.616;;77.749;81.025;81.347;81.512;80.408;;79.694;82.296;82.066;82.594;81.662;;78.465;81.259;81.696;84.251;81.418;;81.797;85.323
"L - Administración pública y defensa; planes de seguridad social de afiliación obligatoria";21.071;21.445;21.755;22.068;21.585;;22.225;22.590;22.785;23.330;22.732;;22.962;23.322;23.732;23.998;23.503;;24.258;24.738;24.888;25.416;24.825;;25.047;25.798;26.176;26.372;25.848;;25.977;26.103;27.180;27.498;26.689;;27.402;27.572;27.540;27.930;27.611;;28.002;28.205;28.781;28.967;28.489;;29.046;29.176;29.401;29.762;29.346;;29.769;29.905;30.241;30.571;30.121;;30.652;30.831;31.205;31.530;31.055;;31.690;31.935;32.451;32.804;32.220;;32.833;32.977;33.042;33.136;32.997;;33.109;33.251;33.206;33.431;33.249;;33.382;33.247;33.142;33.328;33.275;;33.272;33.481;33.562;33.915;33.558;;33.562;29.414;30.339;30.992;31.077;;31.881;31.792;32.689;34.648;32.753;;34.858;34.835;34.962;35.088;34.936;;35.481;35.549;35.803;36.018;35.713;;35.694;35.282;35.309;35.273;35.389;;35.275;34.998
M - Enseñanza;16.380;17.004;17.268;17.578;17.057;;17.479;18.023;18.245;18.676;18.106;;18.079;18.739;19.094;19.457;18.842;;19.238;19.882;20.122;20.470;19.928;;19.700;20.745;21.189;21.414;20.762;;20.706;21.051;22.009;22.368;21.534;;21.876;22.381;22.450;22.616;22.331;;22.327;22.785;23.341;23.576;23.007;;23.180;23.649;23.916;24.337;23.770;;23.879;24.329;24.741;24.857;24.452;;24.388;25.013;25.414;25.724;25.135;;25.025;25.949;26.416;26.691;26.020;;26.042;26.508;26.925;27.181;26.664;;26.177;26.836;27.398;27.521;26.983;;26.811;27.432;27.768;27.895;27.476;;27.019;27.571;27.968;27.966;27.631;;26.971;25.254;26.249;26.791;26.316;;26.518;26.784;27.513;28.178;27.248;;27.685;28.318;28.758;28.906;28.417;;28.411;29.076;29.398;29.511;29.099;;28.917;29.295;29.550;29.722;29.371;;29.015;29.667
N - Servicios sociales y de salud;12.435;13.607;13.687;13.076;13.201;;13.826;14.923;15.022;14.292;14.516;;14.128;15.354;15.339;14.626;14.862;;15.085;16.467;16.140;15.582;15.819;;15.981;17.634;17.346;16.442;16.851;;17.093;18.877;18.623;17.546;18.035;;17.859;19.814;19.322;18.234;18.807;;19.054;21.217;20.046;18.888;19.801;;20.432;22.268;20.904;19.965;20.892;;21.015;22.905;21.515;20.379;21.453;;21.364;23.263;21.850;20.813;21.822;;21.919;23.948;22.534;21.440;22.460;;22.567;24.568;23.058;21.889;23.021;;23.131;25.049;23.456;22.301;23.484;;23.612;25.551;23.758;22.506;23.857;;23.649;25.488;23.804;22.556;23.874;;23.000;19.490;21.701;22.137;21.582;;23.493;25.565;23.935;22.688;23.920;;24.038;25.823;24.142;22.890;24.223;;24.239;26.209;24.538;23.345;24.583;;24.559;26.225;24.332;23.019;24.534;;24.373;26.466
O - Otras actividades de servicios comunitarias, sociales y personales;11.845;12.086;12.626;12.457;12.254;;12.941;13.242;14.099;13.947;13.557;;14.305;14.895;15.475;14.846;14.880;;15.863;15.815;16.946;15.687;16.078;;16.521;17.054;17.569;16.408;16.888;;16.406;16.810;17.428;17.065;16.927;;17.523;17.596;18.519;17.712;17.838;;18.335;18.837;18.669;18.349;18.548;;18.441;18.860;19.421;18.772;18.874;;18.039;18.549;19.456;18.400;18.611;;18.179;17.980;18.677;18.174;18.253;;18.005;18.233;19.057;18.009;18.326;;18.213;18.381;18.750;17.723;18.267;;18.547;18.267;19.323;18.224;18.590;;18.615;18.578;19.254;17.298;18.436;;18.178;18.039;18.697;16.524;17.860;;16.956;5.712;8.095;13.052;10.954;;15.452;13.196;14.553;15.061;14.565;;16.869;14.813;15.872;15.835;15.847;;17.572;15.103;16.137;15.931;16.186;;17.284;14.518;15.479;15.310;15.648;;17.004;14.719
P - Hogares privados con servicio doméstico;2.919;3.062;3.030;3.160;3.043;;3.282;3.251;3.277;3.385;3.299;;3.519;3.466;3.607;3.826;3.604;;3.632;3.708;3.645;3.777;3.691;;3.901;3.863;3.789;3.748;3.825;;3.952;3.936;3.982;3.778;3.912;;3.739;3.945;4.183;3.844;3.928;;3.750;4.028;4.103;4.022;3.975;;4.052;4.204;4.247;4.114;4.154;;4.050;4.359;4.242;4.338;4.247;;4.184;4.212;4.349;4.290;4.259;;4.336;4.270;4.269;4.226;4.275;;4.299;4.213;4.223;4.241;4.244;;4.230;4.062;4.123;4.093;4.127;;4.262;4.014;4.171;4.197;4.161;;4.551;4.277;4.297;4.324;4.362;;4.464;2.715;3.351;3.659;3.547;;3.741;3.433;3.845;3.770;3.697;;4.164;3.792;4.114;4.082;4.038;;4.466;3.741;4.016;4.122;4.086;;4.331;3.869;4.003;4.160;4.091;;4.222;3.820
;;;;;;;;;;;;;;;;;;;;;;;;;;;;;;;;;;;;;;;;;;;;;;;;;;;;;;;;;;;;;;;;;;;;;;;;;;;;;;;;;;;;;;;;;;;;;;;;;;;;;;;;;;;;;;;;;;;;;;;;;;;;;;;;
(1) Datos provisorios.;;;;;;;;;;;;;;;;;;;;;;;;;;;;;;;;;;;;;;;;;;;;;;;;;;;;;;;;;;;;;;;;;;;;;;;;;;;;;;;;;;;;;;;;;;;;;;;;;;;;;;;;;;;;;;;;;;;;;;;;;;;;;;;;
(2) Datos preliminares.;;;;;;;;;;;;;;;;;;;;;;;;;;;;;;;;;;;;;;;;;;;;;;;;;;;;;;;;;;;;;;;;;;;;;;;;;;;;;;;;;;;;;;;;;;;;;;;;;;;;;;;;;;;;;;;;;;;;;;;;;;;;;;;;
;;;;;;;;;;;;;;;;;;;;;;;;;;;;;;;;;;;;;;;;;;;;;;;;;;;;;;;;;;;;;;;;;;;;;;;;;;;;;;;;;;;;;;;;;;;;;;;;;;;;;;;;;;;;;;;;;;;;;;;;;;;;;;;;
Nota: Serie 2004-2022. Datos definitivos.;;;;;;;;;;;;;;;;;;;;;;;;;;;;;;;;;;;;;;;;;;;;;;;;;;;;;;;;;;;;;;;;;;;;;;;;;;;;;;;;;;;;;;;;;;;;;;;;;;;;;;;;;;;;;;;;;;;;;;;;;;;;;;;;
;;;;;;;;;;;;;;;;;;;;;;;;;;;;;;;;;;;;;;;;;;;;;;;;;;;;;;;;;;;;;;;;;;;;;;;;;;;;;;;;;;;;;;;;;;;;;;;;;;;;;;;;;;;;;;;;;;;;;;;;;;;;;;;;
Fuente: INDEC. Dirección Nacional de Cuentas Nacionales.;;;;;;;;;;;;;;;;;;;;;;;;;;;;;;;;;;;;;;;;;;;;;;;;;;;;;;;;;;;;;;;;;;;;;;;;;;;;;;;;;;;;;;;;;;;;;;;;;;;;;;;;;;;;;;;;;;;;;;;;;;;;;;;;
;;;;;;;;;;;;;;;;;;;;;;;;;;;;;;;;;;;;;;;;;;;;;;;;;;;;;;;;;;;;;;;;;;;;;;;;;;;;;;;;;;;;;;;;;;;;;;;;;;;;;;;;;;;;;;;;;;;;;;;;;;;;;;;;
;;;;;;;;;;;;;;;;;;;;;;;;;;;;;;;;;;;;;;;;;;;;;;;;;;;;;;;;;;;;;;;;;;;;;;;;;;;;;;;;;;;;;;;;;;;;;;;;;;;;;;;;;;;;;;;;;;;;;;;;;;;;;;;;
;;;;;;;;;;;;;;;;;;;;;;;;;;;;;;;;;;;;;;;;;;;;;;;;;;;;;;;;;;;;;;;;;;;;;;;;;;;;;;;;;;;;;;;;;;;;;;;;;;;;;;;;;;;;;;;;;;;;;;;;;;;;;;;;
;;;;;;;;;;;;;;;;;;;;;;;;;;;;;;;;;;;;;;;;;;;;;;;;;;;;;;;;;;;;;;;;;;;;;;;;;;;;;;;;;;;;;;;;;;;;;;;;;;;;;;;;;;;;;;;;;;;;;;;;;;;;;;;;
;;;;;;;;;;;;;;;;;;;;;;;;;;;;;;;;;;;;;;;;;;;;;;;;;;;;;;;;;;;;;;;;;;;;;;;;;;;;;;;;;;;;;;;;;;;;;;;;;;;;;;;;;;;;;;;;;;;;;;;;;;;;;;;;
;;;;;;;;;;;;;;;;;;;;;;;;;;;;;;;;;;;;;;;;;;;;;;;;;;;;;;;;;;;;;;;;;;;;;;;;;;;;;;;;;;;;;;;;;;;;;;;;;;;;;;;;;;;;;;;;;;;;;;;;;;;;;;;;
;;;;;;;;;;;;;;;;;;;;;;;;;;;;;;;;;;;;;;;;;;;;;;;;;;;;;;;;;;;;;;;;;;;;;;;;;;;;;;;;;;;;;;;;;;;;;;;;;;;;;;;;;;;;;;;;;;;;;;;;;;;;;;;;
;;;;;;;;;;;;;;;;;;;;;;;;;;;;;;;;;;;;;;;;;;;;;;;;;;;;;;;;;;;;;;;;;;;;;;;;;;;;;;;;;;;;;;;;;;;;;;;;;;;;;;;;;;;;;;;;;;;;;;;;;;;;;;;;
;;;;;;;;;;;;;;;;;;;;;;;;;;;;;;;;;;;;;;;;;;;;;;;;;;;;;;;;;;;;;;;;;;;;;;;;;;;;;;;;;;;;;;;;;;;;;;;;;;;;;;;;;;;;;;;;;;;;;;;;;;;;;;;;
;;;;;;;;;;;;;;;;;;;;;;;;;;;;;;;;;;;;;;;;;;;;;;;;;;;;;;;;;;;;;;;;;;;;;;;;;;;;;;;;;;;;;;;;;;;;;;;;;;;;;;;;;;;;;;;;;;;;;;;;;;;;;;;;
;;;;;;;;;;;;;;;;;;;;;;;;;;;;;;;;;;;;;;;;;;;;;;;;;;;;;;;;;;;;;;;;;;;;;;;;;;;;;;;;;;;;;;;;;;;;;;;;;;;;;;;;;;;;;;;;;;;;;;;;;;;;;;;;
;;;;;;;;;;;;;;;;;;;;;;;;;;;;;;;;;;;;;;;;;;;;;;;;;;;;;;;;;;;;;;;;;;;;;;;;;;;;;;;;;;;;;;;;;;;;;;;;;;;;;;;;;;;;;;;;;;;;;;;;;;;;;;;;
;;;;;;;;;;;;;;;;;;;;;;;;;;;;;;;;;;;;;;;;;;;;;;;;;;;;;;;;;;;;;;;;;;;;;;;;;;;;;;;;;;;;;;;;;;;;;;;;;;;;;;;;;;;;;;;;;;;;;;;;;;;;;;;;
;;;;;;;;;;;;;;;;;;;;;;;;;;;;;;;;;;;;;;;;;;;;;;;;;;;;;;;;;;;;;;;;;;;;;;;;;;;;;;;;;;;;;;;;;;;;;;;;;;;;;;;;;;;;;;;;;;;;;;;;;;;;;;;;
;;;;;;;;;;;;;;;;;;;;;;;;;;;;;;;;;;;;;;;;;;;;;;;;;;;;;;;;;;;;;;;;;;;;;;;;;;;;;;;;;;;;;;;;;;;;;;;;;;;;;;;;;;;;;;;;;;;;;;;;;;;;;;;;
;;;;;;;;;;;;;;;;;;;;;;;;;;;;;;;;;;;;;;;;;;;;;;;;;;;;;;;;;;;;;;;;;;;;;;;;;;;;;;;;;;;;;;;;;;;;;;;;;;;;;;;;;;;;;;;;;;;;;;;;;;;;;;;;
;;;;;;;;;;;;;;;;;;;;;;;;;;;;;;;;;;;;;;;;;;;;;;;;;;;;;;;;;;;;;;;;;;;;;;;;;;;;;;;;;;;;;;;;;;;;;;;;;;;;;;;;;;;;;;;;;;;;;;;;;;;;;;;;
;;;;;;;;;;;;;;;;;;;;;;;;;;;;;;;;;;;;;;;;;;;;;;;;;;;;;;;;;;;;;;;;;;;;;;;;;;;;;;;;;;;;;;;;;;;;;;;;;;;;;;;;;;;;;;;;;;;;;;;;;;;;;;;;
